name,late
Lauren Hayes,6
Theodore Mcgrath,12
Brian Hamilton,15
Elizabeth Woods,15
Desiree Cain,17
Norma Fisher,23
Sean Green,34
Stephanie Lawrence,39
Jorge Sullivan,40
Kimberly Maynard,53
Susan Levy,60
Stephanie Collins,60
Peter Montgomery,61
Stephanie Sutton,64
Angela Salazar,66
Cheryl Bradley,68
Peter Mcdowell,72
Janice Johnston,73
Bobby Flores,75
Kimberly Smith,81
Laurie Wallace,83
Kimberly Myers,92
Tasha Rodriguez,92
Dana Nguyen,94
Jennifer Summers,98
April Snyder,104
Mary Alvarez,138
Sarah Villanueva,138
Michelle Kelley,144
Collin Lopez,147
Walter Pratt,165
Whitney Stark,196
Susan Wagner,255
